name,location,address,city,state,zipcode,categories,tags,selectivityLevel,dates,length,costRange,applicationOpen,applicationDeadline,applicationAvailable,minimumAge,hasScholarship,eligibility,description,deliveryMode,website,photoUrl,isActive,isApproved
"Stanford Pre-Collegiate Studies","Stanford University","450 Serra Mall","Stanford","CA","94305","STEM;Leadership;Academic","Co-ed","3","June 15 - July 15, 2025","4 weeks","$5000-$7000","2024-12-01","2025-03-15","true","14","true","High academic achievement required","Rigorous academic program for high school students interested in STEM fields.","In-person","https://precollegiate.stanford.edu","https://example.com/photo1.jpg","true","false"
"UC Berkeley Summer Sessions","UC Berkeley","1995 University Ave","Berkeley","CA","94704","Academic;STEM","Co-ed","2","June 1 - August 15, 2025","6-10 weeks","$3000-$5000","2024-11-01","2025-04-30","true","16","true","High school students with strong academic record","Earn college credit while experiencing university life.","In-person","https://summer.berkeley.edu","https://example.com/photo2.jpg","true","false"
"Tri-Valley Youth Soccer Camp","Dublin High School","8151 Village Parkway","Dublin","CA","94568","Sports;Leadership","Co-ed","1","July 8-12, 2025","1 week","$200-$400","2024-10-01","2025-06-15","true","8","false","Open to all skill levels","Fun soccer camp for youth of all skill levels.","In-person","https://www.tri-valley-soccer.com","https://example.com/photo3.jpg","true","false"
"Girls Who Code Summer Immersion","Virtual","","Pleasanton","CA","99999","STEM;Technology","Women Only","2","June 10 - August 2, 2025","7 weeks","Free","2024-12-01","2025-02-28","true","14","false","Girls interested in computer science","Free coding program for high school girls.","Remote","https://girlswhocode.com","https://example.com/photo4.jpg","true","false"
"Pleasanton Art Center Summer Camp","Pleasanton Art Center","104 Main Street","Pleasanton","CA","94566","Arts;Creative","Co-ed","1","June 10 - August 15, 2025","1-2 weeks","$300-$600","2024-11-01","2025-05-31","true","6","true","Open enrollment","Creative arts camp for children interested in painting, drawing, and sculpture.","In-person","https://www.pleasantonartcenter.com","https://example.com/photo5.jpg","true","false" 